auc_exp,auc_low,max_exp,max_low,maximal_reward,MAE,proportion_policy_correct
0.8681004344482891,0.8664930373219552,939.1,938.883254758863,968,74.50889307263895,0.5591397849462365
