auc_exp,auc_low,max_exp,max_low,maximal_reward,MAE
0.9603930017251294,0.9601380983387685,979.0,979.0,978,165.05576241067246
