auc_exp,auc_low,max_exp,max_low,maximal_reward,MAE,proportion_policy_correct
0.9622648979591837,0.961946893690055,975.0,974.8946531654223,978,144.97792167769794,0.5537190082644629
