auc_exp,auc_low,max_exp,max_low,maximal_reward,MAE
0.9668906651332183,0.966672013142413,976.1,976.0565152798229,978,108.24874888656848
