auc_exp,auc_low,max_exp,max_low,maximal_reward,MAE
0.9714683813917723,0.9713142582480052,908.6,908.2906758162272,968,73.33158949335761
