auc_exp,auc_low,max_exp,max_low,maximal_reward,MAE
0.9720931525293326,0.9719687337084556,935.5,935.3755232819627,966,61.70421001205912
