auc_exp,auc_low,max_exp,max_low,maximal_reward,MAE,proportion_policy_correct
0.9713222714203565,0.9711403941229866,918.7,918.343984284991,978,117.3329657128769,0.7024793388429752
