auc_exp,auc_low,max_exp,max_low,maximal_reward
0.9798933390837646,0.9797816536190415,964.5,964.4434196736194,978
