auc_exp,auc_low,max_exp,max_low,maximal_reward,MAE
0.9809812612612614,0.9808596407588069,943.2,943.0223061442526,978,114.94915226582182
