auc_exp,auc_low,max_exp,max_low,maximal_reward,MAE,proportion_policy_correct
0.9805233237492811,0.9803950158429415,940.8,940.692038437567,978,151.17449726940373,0.6942148760330579
