auc_exp,auc_low,max_exp,max_low,maximal_reward,MAE,proportion_policy_correct
0.9086996520569013,0.9078978126915295,955.0,954.868898501294,968,494.48706009658986,0.521505376344086
