auc_exp,auc_low,max_exp,max_low,maximal_reward,MAE
0.9713509871573701,0.9712061215663441,954.5,954.2849947597538,978,126.2224491755864
