auc_exp,auc_low,max_exp,max_low,maximal_reward,MAE
0.9728422792844778,0.9727492610841657,939.0,939.0,966,56.749332225839495
