auc_exp,auc_low,max_exp,max_low,maximal_reward,MAE,proportion_policy_correct
0.9836328541108131,0.9835451741883374,906.9,906.5659157328051,968,80.01370362144242,0.7473118279569892
