auc_exp,auc_low,max_exp,max_low,maximal_reward,MAE
0.9736083381419504,0.9734925740759025,939.5,939.3981554125149,966,34.28936112543228
