auc_exp,auc_low,max_exp,max_low,maximal_reward,MAE,proportion_policy_correct
0.9729379623221838,0.9727949884160478,908.6,908.2507507073101,968,36.66879219103175,0.8602150537634409
