auc_exp,auc_low,max_exp,max_low,maximal_reward,MAE
0.9465162603028562,0.9460064789269875,969.1,968.9363707569375,978,107.08500064716952
