auc_exp,auc_low,max_exp,max_low,maximal_reward,MAE
0.9357547153536515,0.9351949245493701,973.0,972.9773678694478,978,106.34470601760212
