auc_exp,auc_low,max_exp,max_low,maximal_reward,MAE
0.9305150375072129,0.9302076719724549,962.0,961.9474076811692,966,113.26692008785903
