auc_exp,auc_low,max_exp,max_low,maximal_reward,MAE,proportion_policy_correct
0.9476549787756926,0.947307049938639,958.1,957.9913422007709,968,124.64315018747595,0.41397849462365593
