auc_exp,auc_low,max_exp,max_low,maximal_reward,MAE
0.932559799961531,0.9323349892059801,964.0,963.8868393472388,966,136.780735602473
