auc_exp,auc_low,max_exp,max_low,maximal_reward,MAE,proportion_policy_correct
0.915641585928489,0.9149050598487779,958.9,958.7810885471049,968,162.9813228954189,0.510752688172043
