auc_exp,auc_low,max_exp,max_low,maximal_reward,MAE
0.937856565075714,0.9373865316874108,972.5,972.3528911514105,978,75.7992654495231
