auc_exp,auc_low,max_exp,max_low,maximal_reward,MAE,proportion_policy_correct
0.9411687464059805,0.9405954915288393,964.8,964.7227702149187,978,129.1089515365884,0.5289256198347108
