auc_exp,auc_low,max_exp,max_low,maximal_reward,MAE,proportion_policy_correct
0.9360275778546713,0.9357567523605141,960.7,960.6573077784863,968,81.94302070923348,0.6236559139784946
