auc_exp,auc_low,max_exp,max_low,maximal_reward,MAE
0.9590839488363146,0.958911866940034,924.0,923.9547357388956,966,68.53968986938229
