auc_exp,auc_low,max_exp,max_low,maximal_reward,MAE
0.971538677431757,0.9713855129659285,911.7,911.4392062236599,968,375.65525490474124
