auc_exp,auc_low,max_exp,max_low,maximal_reward,MAE
0.9721718407386036,0.9720488088376715,940.0,939.9547357388956,966,400.206551118879
