auc_exp,auc_low,max_exp,max_low,maximal_reward,MAE,proportion_policy_correct
0.9805648284454667,0.9804374179337882,941.6,941.3198324649362,978,459.0527557188882,0.6363636363636364
