auc_exp,auc_low,max_exp,max_low,maximal_reward,MAE
0.9624979394287905,0.9622958213149818,952.5,952.4434196736194,978,147.24183606751546
