auc_exp,auc_low,max_exp,max_low,maximal_reward,MAE
0.9367630313521831,0.9359529155667827,956.0,955.8642072166866,966,142.66682360296585
