auc_exp,auc_low,max_exp,max_low,maximal_reward,MAE,proportion_policy_correct
0.9357873394848136,0.9348458784076572,940.5,940.301798292043,968,155.18704969400804,0.3709677419354839
