auc_exp,auc_low,max_exp,max_low,maximal_reward,MAE
0.8653832563954607,0.864116753184569,961.0,961.0,966,544.8351626058609
