auc_exp,auc_low,max_exp,max_low,maximal_reward,MAE,proportion_policy_correct
0.9887838463254154,0.9887110794123963,939.3,939.05241626093,978,138.67563204739216,0.6611570247933884
