auc_exp,auc_low,max_exp,max_low,maximal_reward,MAE
0.980897614529423,0.980810257385819,940.8,940.7236596470962,978,144.1601506374348
