auc_exp,auc_low,max_exp,max_low,maximal_reward,MAE
0.9808607935595169,0.9807829569276473,971.0,970.9824692270564,978,139.1472340518175
