auc_exp,auc_low,max_exp,max_low,maximal_reward,MAE
0.8117035102904405,0.8093911519054467,955.0,954.9773678694478,966,108.43832194149992
