auc_exp,auc_low,max_exp,max_low,maximal_reward,MAE
0.9411160513705196,0.9404448706572271,975.0,974.9471916953781,978,420.1960380322895
