auc_exp,auc_low,max_exp,max_low,maximal_reward,MAE
0.9428304581176922,0.9423868110952832,976.0,975.9321036083433,978,347.31876693988886
