auc_exp,auc_low,max_exp,max_low,maximal_reward,MAE,proportion_policy_correct
0.9585694713571704,0.9583540859521142,884.8,884.363435125011,968,60.58075781362623,0.7956989247311828
