auc_exp,auc_low,max_exp,max_low,maximal_reward,MAE
0.9489829557216791,0.9481524780103545,954.6,954.2987856990262,978,165.4963179146103
