auc_exp,auc_low,max_exp,max_low,maximal_reward,MAE
0.9805716887099866,0.9804680845687058,966.0,965.8415750861344,978,143.27073458514653
