auc_exp,auc_low,max_exp,max_low,maximal_reward,MAE
0.9805688230783975,0.9804668017112843,966.0,965.9773678694478,978,467.62199727250413
