auc_exp,auc_low,max_exp,max_low,maximal_reward,MAE
0.9810260494537091,0.9809281777443454,968.0,967.9773678694478,978,121.01233076409645
