auc_exp,auc_low,max_exp,max_low,maximal_reward,MAE,proportion_policy_correct
0.972466177431757,0.9723625055504497,908.6,908.3812747720693,968,64.98504810648724,0.7526881720430108
