auc_exp,auc_low,max_exp,max_low,maximal_reward,MAE,proportion_policy_correct
0.9726492599000385,0.9725311301415659,945.5,945.217098368097,968,66.78083925140281,0.8064516129032258
